1,Tony Brise ğŸ‡¬ğŸ‡§
1,Tiff Needell ğŸ‡¬ğŸ‡§
1,Thierry Boutsen ğŸ‡§ğŸ‡ª
1,Stefan Bellof ğŸ‡©ğŸ‡ª
1,Slim Borgudd ğŸ‡¸ğŸ‡ª
1,Siegfried Stohr ğŸ‡®ğŸ‡¹
1,Rolf Stommelen ğŸ‡©ğŸ‡ª
1,Roberto Guerrero ğŸ‡¨ğŸ‡´
1,Riccardo Paletti ğŸ‡®ğŸ‡¹
1,Ricardo Zunino ğŸ‡¦ğŸ‡·
1,Raul Boesel ğŸ‡§ğŸ‡·
1,Peter Revson ğŸ‡ºğŸ‡¸
1,Nanni Galli ğŸ‡®ğŸ‡¹
1,Mike Hailwood ğŸ‡¬ğŸ‡§
1,Mike Beuttler ğŸ‡¬ğŸ‡§
1,Michel LeclÃ¨re ğŸ‡«ğŸ‡·
1,Martin Brundle ğŸ‡¬ğŸ‡§
1,Mark Donohue ğŸ‡ºğŸ‡¸
1,Loris Kessel ğŸ‡¨ğŸ‡­
1,Lella Lombardi ğŸ‡®ğŸ‡¹
1,Jonathan Palmer ğŸ‡¬ğŸ‡§
1,Johnny Cecotto ğŸ‡»ğŸ‡ª
1,Jean-Pierre Beltoise ğŸ‡«ğŸ‡·
1,Jackie Stewart ğŸ‡¬ğŸ‡§
1,Jackie Oliver ğŸ‡¬ğŸ‡§
1,Ian Scheckter ğŸ‡¿ğŸ‡¦
1,Howden Ganley ğŸ‡³ğŸ‡¿
1,Guy Edwards ğŸ‡¬ğŸ‡§
1,Graham Hill ğŸ‡¬ğŸ‡§
1,Gianfranco Brancatelli ğŸ‡®ğŸ‡¹
1,George Follmer ğŸ‡ºğŸ‡¸
1,Geoff Lees ğŸ‡¬ğŸ‡§
1,FranÃ§ois Migault ğŸ‡«ğŸ‡·
1,FranÃ§ois Hesnault ğŸ‡«ğŸ‡·
1,FranÃ§ois Cevert ğŸ‡«ğŸ‡·
1,Denny Hulme ğŸ‡³ğŸ‡¿
1,David Purley ğŸ‡¬ğŸ‡§
1,Dave Kennedy ğŸ‡®ğŸ‡ª
1,Conny Andersson ğŸ‡¸ğŸ‡ª
1,Boy Lunger ğŸ‡³ğŸ‡±
1,Bob Evans ğŸ‡¬ğŸ‡§
1,Bernard de Dryver ğŸ‡§ğŸ‡ª
1,Beppe Gabbiani ğŸ‡®ğŸ‡¹
1,Ayrton Senna ğŸ‡§ğŸ‡·
1,Andrea de Adamich ğŸ‡®ğŸ‡¹
1,Alex Ribeiro ğŸ‡§ğŸ‡·
1,Alberto Colombo ğŸ‡®ğŸ‡¹
1,Philippe Alliot ğŸ‡«ğŸ‡·
2,Manfred Winkelhock ğŸ‡©ğŸ‡ª
2,Mauro Baldi ğŸ‡®ğŸ‡¹
2,Patrick NÃ¨ve ğŸ‡§ğŸ‡ª
2,Piercarlo Ghinzani ğŸ‡®ğŸ‡¹
2,Rupert Keegan ğŸ‡¬ğŸ‡§
2,Teo Fabi ğŸ‡®ğŸ‡¹
2,Tom Pryce ğŸ‡¬ğŸ‡§
2,Wilson Fittipaldi ğŸ‡§ğŸ‡·
2,Larry Perkins ğŸ‡¦ğŸ‡º
2,Harald Ertl ğŸ‡¦ğŸ‡¹
2,Gunnar Nilsson ğŸ‡¸ğŸ‡ª
2,Emilio de Villota ğŸ‡ªğŸ‡¸
2,Eliseo Salazar ğŸ‡¨ğŸ‡±
2,Chris Amon ğŸ‡³ğŸ‡¿
2,Chico Serra ğŸ‡§ğŸ‡·
2,Brian Henton ğŸ‡¬ğŸ‡§
2,Brett Lunger ğŸ‡ºğŸ‡¸
3,Patrick Tambay ğŸ‡«ğŸ‡·
3,Nigel Mansell ğŸ‡¬ğŸ‡§
3,Michele Alboreto ğŸ‡®ğŸ‡¹
3,Marc Surer ğŸ‡¨ğŸ‡­
3,Jan Lammers ğŸ‡³ğŸ‡±
3,Derek Warwick ğŸ‡¬ğŸ‡§
3,Carlos Pace ğŸ‡§ğŸ‡·
3,Andrea de Cesaris ğŸ‡®ğŸ‡¹
4,Vittorio Brambilla ğŸ‡®ğŸ‡¹
4,Jean-Pierre Jabouille ğŸ‡«ğŸ‡·
4,Jacky Ickx ğŸ‡§ğŸ‡ª
4,Hector Rebaque ğŸ‡²ğŸ‡½
4,Hans-Joachim Stuck ğŸ‡©ğŸ‡ª
4,Eddie Cheever ğŸ‡ºğŸ‡¸
4,Alain Prost ğŸ‡«ğŸ‡·
5,Ronnie Peterson ğŸ‡¸ğŸ‡ª
5,Nelson Piquet ğŸ‡§ğŸ‡·
5,Keke Rosberg ğŸ‡«ğŸ‡®
5,James Hunt ğŸ‡¬ğŸ‡§
5,Gilles Villeneuve ğŸ‡¨ğŸ‡¦
5,Elio de Angelis ğŸ‡®ğŸ‡¹
5,Didier Pironi ğŸ‡«ğŸ‡·
5,Derek Daly ğŸ‡®ğŸ‡ª
5,Bruno Giacomelli ğŸ‡®ğŸ‡¹
5,Arturo Merzario ğŸ‡®ğŸ‡¹
6,RenÃ© Arnoux ğŸ‡«ğŸ‡·
6,Patrick Depailler ğŸ‡«ğŸ‡·
6,Mario Andretti ğŸ‡ºğŸ‡¸
6,Jody Scheckter ğŸ‡¿ğŸ‡¦
6,Clay Regazzoni ğŸ‡¨ğŸ‡­
7,Riccardo Patrese ğŸ‡®ğŸ‡¹
7,Jochen Mass ğŸ‡©ğŸ‡ª
7,Jean-Pierre Jarier ğŸ‡«ğŸ‡·
7,Emerson Fittipaldi ğŸ‡§ğŸ‡·
7,Alan Jones ğŸ‡¦ğŸ‡º
8,Niki Lauda ğŸ‡¦ğŸ‡¹
8,John Watson ğŸ‡¬ğŸ‡§
8,Carlos Reutemann ğŸ‡¦ğŸ‡·
9,Jacques Laffite ğŸ‡«ğŸ‡·