1,Zsolt Baumgartner ğŸ‡­ğŸ‡º
1,Naoki Hattori ğŸ‡¯ğŸ‡µ
1,AdriÃ¡n Campos ğŸ‡ªğŸ‡¸
1,Alexander Rossi ğŸ‡ºğŸ‡¸
1,Allan McNish ğŸ‡¬ğŸ‡§
1,Andrea Montermini ğŸ‡®ğŸ‡¹
1,AntÃ´nio Pizzonia ğŸ‡§ğŸ‡·
1,Christian Danner ğŸ‡©ğŸ‡ª
1,Cristiano da Matta ğŸ‡§ğŸ‡·
1,Esteban Tuero ğŸ‡¦ğŸ‡·
1,GastÃ³n Mazzacane ğŸ‡¦ğŸ‡·
1,Enrico Bertaggia ğŸ‡®ğŸ‡¹
1,Emanuele Naspetti ğŸ‡®ğŸ‡¹
1,Enrique Bernoldi ğŸ‡§ğŸ‡·
1,Franck Lagorce ğŸ‡«ğŸ‡·
1,Eric van de Poele ğŸ‡§ğŸ‡ª
1,Will Stevens ğŸ‡¬ğŸ‡§
1,Toshio Suzuki ğŸ‡¯ğŸ‡µ
1,TomÃ¡Å¡ Enge ğŸ‡¨ğŸ‡¿
1,Teo Fabi ğŸ‡®ğŸ‡¹
1,Tarso Marques ğŸ‡§ğŸ‡·
1,Scott Speed ğŸ‡ºğŸ‡¸
1,Ralph Firman ğŸ‡®ğŸ‡ª
1,Pierre-Henri Raphanel ğŸ‡«ğŸ‡·
1,Paul Belmondo ğŸ‡«ğŸ‡·
1,Pascal Wehrlein ğŸ‡©ğŸ‡ª
1,Paolo Barilla ğŸ‡®ğŸ‡¹
1,Nicolas Kiesa ğŸ‡©ğŸ‡°
1,Esteban Ocon ğŸ‡«ğŸ‡·
1,Lucas di Grassi ğŸ‡§ğŸ‡·
1,Kazuki Nakajima ğŸ‡¯ğŸ‡µ
1,Justin Wilson ğŸ‡¬ğŸ‡§
1,Julian Bailey ğŸ‡¬ğŸ‡§
1,Jolyon Palmer ğŸ‡¬ğŸ‡§
1,JÃ©rÃ´me d'Ambrosio ğŸ‡§ğŸ‡ª
1,Jean-Marc Gounon ğŸ‡«ğŸ‡·
1,Jan Magnussen ğŸ‡©ğŸ‡°
1,Jan Lammers ğŸ‡³ğŸ‡±
1,Hideki Noda ğŸ‡¯ğŸ‡µ
1,Giovanni Lavaggi ğŸ‡®ğŸ‡¹
1,Giedo van der Garde ğŸ‡³ğŸ‡±
1,Gianmaria Bruni ğŸ‡®ğŸ‡¹
10,Olivier Panis ğŸ‡«ğŸ‡·
10,Mark Webber ğŸ‡¦ğŸ‡º
10,Eddie Irvine ğŸ‡¬ğŸ‡§
10,Ralf Schumacher ğŸ‡©ğŸ‡ª
11,Gerhard Berger ğŸ‡¦ğŸ‡¹
11,Mika HÃ¤kkinen ğŸ‡«ğŸ‡®
11,Johnny Herbert ğŸ‡¬ğŸ‡§
11,Giancarlo Fisichella ğŸ‡®ğŸ‡¹
11,Felipe Massa ğŸ‡§ğŸ‡·
12,Jarno Trulli ğŸ‡®ğŸ‡¹
12,Kimi RÃ¤ikkÃ¶nen ğŸ‡«ğŸ‡®
12,David Coulthard ğŸ‡¬ğŸ‡§
13,Jean Alesi ğŸ‡«ğŸ‡·
13,Fernando Alonso ğŸ‡ªğŸ‡¸
15,Jenson Button ğŸ‡¬ğŸ‡§
17,Rubens Barrichello ğŸ‡§ğŸ‡·
19,Michael Schumacher ğŸ‡©ğŸ‡ª
2,Oscar Larrauri ğŸ‡¦ğŸ‡·
2,Tiago Monteiro ğŸ‡µğŸ‡¹
2,Taki Inoue ğŸ‡¯ğŸ‡µ
2,Shinji Nakano ğŸ‡¯ğŸ‡µ
2,Sakon Yamamoto ğŸ‡¯ğŸ‡µ
2,Robert Doornbos ğŸ‡³ğŸ‡±
2,Ricardo Zonta ğŸ‡§ğŸ‡·
2,Ricardo Rosset ğŸ‡§ğŸ‡·
2,Philippe Streiff ğŸ‡«ğŸ‡·
2,Narain Karthikeyan ğŸ‡®ğŸ‡³
2,Max Verstappen ğŸ‡³ğŸ‡±
2,Max Chilton ğŸ‡¬ğŸ‡§
2,Marc GenÃ© ğŸ‡ªğŸ‡¸
2,Luis PÃ©rez-Sala ğŸ‡ªğŸ‡¸
2,Luca Badoer ğŸ‡®ğŸ‡¹
2,Kevin Magnussen ğŸ‡©ğŸ‡°
2,Jules Bianchi ğŸ‡«ğŸ‡·
2,Felipe Nasr ğŸ‡§ğŸ‡·
2,Ã‰ric Bernard ğŸ‡«ğŸ‡·
2,David Brabham ğŸ‡¦ğŸ‡º
2,Christijan Albers ğŸ‡³ğŸ‡±
2,Toranosuke Takagi ğŸ‡¯ğŸ‡µ
2,Christian Klien ğŸ‡¦ğŸ‡¹
2,Christian Fittipaldi ğŸ‡§ğŸ‡·
2,Charles Pic ğŸ‡«ğŸ‡·
2,Carlos Sainz ğŸ‡ªğŸ‡¸
2,Bernd Schneider ğŸ‡©ğŸ‡ª
2,Alex Yoong ğŸ‡²ğŸ‡¾
3,SÃ©bastien Buemi ğŸ‡¨ğŸ‡­
3,Stefan Johansson ğŸ‡¸ğŸ‡ª
3,Vitaly Petrov ğŸ‡·ğŸ‡º
3,Yannick Dalmas ğŸ‡«ğŸ‡·
3,Robert Kubica ğŸ‡µğŸ‡±
3,RenÃ© Arnoux ğŸ‡«ğŸ‡·
3,Piercarlo Ghinzani ğŸ‡®ğŸ‡¹
3,Pedro Lamy ğŸ‡µğŸ‡¹
3,Paul di Resta ğŸ‡¬ğŸ‡§
3,Olivier Grouillard ğŸ‡«ğŸ‡·
3,Karl Wendlinger ğŸ‡¦ğŸ‡¹
3,Jonathan Palmer ğŸ‡¬ğŸ‡§
3,Jean-Ã‰ric Vergne ğŸ‡«ğŸ‡·
3,Jaime Alguersuari ğŸ‡ªğŸ‡¸
3,Esteban GutiÃ©rrez ğŸ‡²ğŸ‡½
3,Emanuele Pirro ğŸ‡®ğŸ‡¹
3,Eddie Cheever ğŸ‡ºğŸ‡¸
3,Daniil Kvyat ğŸ‡·ğŸ‡º
3,Bruno Senna ğŸ‡§ğŸ‡·
3,Alexander Wurz ğŸ‡¦ğŸ‡¹
3,Alessandro Zanardi ğŸ‡®ğŸ‡¹
3,Alessandro Nannini ğŸ‡®ğŸ‡¹
3,Marcus Ericsson ğŸ‡¸ğŸ‡ª
4,Vitantonio Liuzzi ğŸ‡®ğŸ‡¹
4,Valtteri Bottas ğŸ‡«ğŸ‡®
4,Roberto Moreno ğŸ‡§ğŸ‡·
4,Philippe Alliot ğŸ‡«ğŸ‡·
4,Mark Blundell ğŸ‡¬ğŸ‡§
4,Kamui Kobayashi ğŸ‡¯ğŸ‡µ
4,Ivan Capelli ğŸ‡®ğŸ‡¹
4,Heikki Kovalainen ğŸ‡«ğŸ‡®
4,Gabriele Tarquini ğŸ‡®ğŸ‡¹
4,Ã‰rik Comas ğŸ‡«ğŸ‡·
5,Takuma Sato ğŸ‡¯ğŸ‡µ
5,Stefano Modena ğŸ‡®ğŸ‡¹
5,Satoru Nakajima ğŸ‡¯ğŸ‡µ
5,Timo Glock ğŸ‡©ğŸ‡ª
5,Nicola Larini ğŸ‡®ğŸ‡¹
5,Nelson Piquet ğŸ‡§ğŸ‡·
5,MaurÃ­cio Gugelmin ğŸ‡§ğŸ‡·
5,Jyrki JÃ¤rvilehto ğŸ‡«ğŸ‡®
5,Juan Pablo Montoya ğŸ‡¨ğŸ‡´
5,Derek Warwick ğŸ‡¬ğŸ‡§
5,Bertrand Gachot ğŸ‡§ğŸ‡ª
5,Alex Caffi ğŸ‡®ğŸ‡¹
5,Adrian Sutil ğŸ‡©ğŸ‡ª
5,Pastor Maldonado ğŸ‡»ğŸ‡ª
6,Thierry Boutsen ğŸ‡§ğŸ‡ª
6,Ukyo Katayama ğŸ‡¯ğŸ‡µ
6,Romain Grosjean ğŸ‡«ğŸ‡·
6,Pierluigi Martini ğŸ‡®ğŸ‡¹
6,Pedro Diniz ğŸ‡§ğŸ‡·
6,Pedro de la Rosa ğŸ‡ªğŸ‡¸
6,Nico HÃ¼lkenberg ğŸ‡©ğŸ‡ª
6,Jos Verstappen ğŸ‡³ğŸ‡±
6,Gianni Morbidelli ğŸ‡®ğŸ‡¹
6,Daniel Ricciardo ğŸ‡¦ğŸ‡º
6,Alain Prost ğŸ‡«ğŸ‡·
6,Sergio PÃ©rez ğŸ‡²ğŸ‡½
7,Nigel Mansell ğŸ‡¬ğŸ‡§
7,Riccardo Patrese ğŸ‡®ğŸ‡¹
7,Michele Alboreto ğŸ‡®ğŸ‡¹
7,Martin Brundle ğŸ‡¬ğŸ‡§
7,Damon Hill ğŸ‡¬ğŸ‡§
7,Ayrton Senna ğŸ‡§ğŸ‡·
7,Andrea de Cesaris ğŸ‡®ğŸ‡¹
7,Aguri Suzuki ğŸ‡¯ğŸ‡µ
7,Mika Salo ğŸ‡«ğŸ‡®
8,Sebastian Vettel ğŸ‡©ğŸ‡ª
8,Nick Heidfeld ğŸ‡©ğŸ‡ª
8,Lewis Hamilton ğŸ‡¬ğŸ‡§
9,Nico Rosberg ğŸ‡©ğŸ‡ª
9,Jacques Villeneuve ğŸ‡¨ğŸ‡¦
9,Heinz-Harald Frentzen ğŸ‡©ğŸ‡ª