1,Alain Prost ğŸ‡«ğŸ‡·
1,Andrea de Cesaris ğŸ‡®ğŸ‡¹
1,Ayrton Senna ğŸ‡§ğŸ‡·
1,Corrado Fabi ğŸ‡®ğŸ‡¹
1,Derek Warwick ğŸ‡¬ğŸ‡§
1,Eddie Cheever ğŸ‡ºğŸ‡¸
1,Elio de Angelis ğŸ‡®ğŸ‡¹
1,FranÃ§ois Hesnault ğŸ‡«ğŸ‡·
1,Huub Rothengatter ğŸ‡³ğŸ‡±
1,Jacques Laffite ğŸ‡«ğŸ‡·
1,Johnny Cecotto ğŸ‡»ğŸ‡ª
1,Jonathan Palmer ğŸ‡¬ğŸ‡§
1,Keke Rosberg ğŸ‡«ğŸ‡®
1,Manfred Winkelhock ğŸ‡©ğŸ‡ª
1,Marc Surer ğŸ‡¨ğŸ‡­
1,Martin Brundle ğŸ‡¬ğŸ‡§
1,Michele Alboreto ğŸ‡®ğŸ‡¹
1,Nelson Piquet ğŸ‡§ğŸ‡·
1,Nigel Mansell ğŸ‡¬ğŸ‡§
1,Niki Lauda ğŸ‡¦ğŸ‡¹
1,Patrick Tambay ğŸ‡«ğŸ‡·
1,Piercarlo Ghinzani ğŸ‡®ğŸ‡¹
1,RenÃ© Arnoux ğŸ‡«ğŸ‡·
1,Riccardo Patrese ğŸ‡®ğŸ‡¹
1,Stefan Bellof ğŸ‡©ğŸ‡ª
1,Thierry Boutsen ğŸ‡§ğŸ‡ª