surname,flag,forename,country
Brabham,ğŸ‡¦ğŸ‡º,David,Australia
Brabham,ğŸ‡¦ğŸ‡º,Gary,Australia
Brabham,ğŸ‡¦ğŸ‡º,Jack,Australia
Brown,ğŸ‡¦ğŸ‡º,Warwick,Australia
England,ğŸ‡¦ğŸ‡º,Paul,Australia
Gardner,ğŸ‡¦ğŸ‡º,Frank,Australia
Gaze,ğŸ‡¦ğŸ‡º,Tony,Australia
Hawkins,ğŸ‡¦ğŸ‡º,Paul,Australia
Jones,ğŸ‡¦ğŸ‡º,Alan,Australia
Kavanagh,ğŸ‡¦ğŸ‡º,Ken,Australia
McGuire,ğŸ‡¦ğŸ‡º,Brian,Australia
Perkins,ğŸ‡¦ğŸ‡º,Larry,Australia
Ricciardo,ğŸ‡¦ğŸ‡º,Daniel,Australia
Schenken,ğŸ‡¦ğŸ‡º,Tim,Australia
Schuppan,ğŸ‡¦ğŸ‡º,Vern,Australia
Walker,ğŸ‡¦ğŸ‡º,David,Australia
Webber,ğŸ‡¦ğŸ‡º,Mark,Australia