did_not_finish,% of total participations,driver
131,50.97%,Riccardo Patrese ğŸ‡®ğŸ‡¹
137,64.02%,Andrea de Cesaris ğŸ‡®ğŸ‡¹
24,44.44%,Philippe Streiff ğŸ‡«ğŸ‡·
24,43.64%,Innes Ireland ğŸ‡¬ğŸ‡§
25,31.25%,Vitantonio Liuzzi ğŸ‡®ğŸ‡¹
25,33.78%,Roberto Moreno ğŸ‡§ğŸ‡·
25,46.30%,Pedro RodrÃ­guez ğŸ‡²ğŸ‡½
25,42.37%,Henri Pescarolo ğŸ‡«ğŸ‡·
25,32.05%,Gabriele Tarquini ğŸ‡®ğŸ‡¹
25,55.56%,Alessandro Zanardi ğŸ‡®ğŸ‡¹
26,14.05%,Sebastian Vettel ğŸ‡©ğŸ‡ª
26,44.83%,Hector Rebaque ğŸ‡²ğŸ‡½
27,43.55%,Olivier Grouillard ğŸ‡«ğŸ‡·
27,42.86%,Ã‰rik Comas ğŸ‡«ğŸ‡·
27,37.50%,Didier Pironi ğŸ‡«ğŸ‡·
28,54.90%,Roy Salvadori ğŸ‡¬ğŸ‡§
28,41.18%,Gilles Villeneuve ğŸ‡¨ğŸ‡¦
29,30.21%,Pastor Maldonado ğŸ‡»ğŸ‡ª
29,14.08%,Nico Rosberg ğŸ‡©ğŸ‡ª
30,47.62%,Mark Blundell ğŸ‡¬ğŸ‡§
31,28.18%,Romain Grosjean ğŸ‡«ğŸ‡·
31,35.23%,Marc Surer ğŸ‡¨ğŸ‡­
31,53.45%,Luca Badoer ğŸ‡®ğŸ‡¹
31,41.33%,Alex Caffi ğŸ‡®ğŸ‡¹
32,35.16%,Takuma Sato ğŸ‡¯ğŸ‡µ
32,56.14%,Jean Behra ğŸ‡«ğŸ‡·
32,50.00%,Harry Schell ğŸ‡ºğŸ‡¸
32,38.10%,Bertrand Gachot ğŸ‡§ğŸ‡ª
33,34.74%,Juan Pablo Montoya ğŸ‡¨ğŸ‡´
33,47.14%,Gianni Morbidelli ğŸ‡®ğŸ‡¹
34,66.67%,Jackie Oliver ğŸ‡¬ğŸ‡§
34,48.57%,Jyrki JÃ¤rvilehto ğŸ‡«ğŸ‡®
34,30.36%,Denny Hulme ğŸ‡³ğŸ‡¿
35,33.98%,Stefan Johansson ğŸ‡¸ğŸ‡ª
35,63.64%,Manfred Winkelhock ğŸ‡©ğŸ‡ª
35,30.97%,Jody Scheckter ğŸ‡¿ğŸ‡¦
35,56.45%,Jochen Rindt ğŸ‡¦ğŸ‡¹
35,47.95%,Carlos Pace ğŸ‡§ğŸ‡·
36,49.32%,Stirling Moss ğŸ‡¬ğŸ‡§
36,41.38%,Jean-Pierre Beltoise ğŸ‡«ğŸ‡·
37,47.44%,Vittorio Brambilla ğŸ‡®ğŸ‡¹
37,37.00%,Jackie Stewart ğŸ‡¬ğŸ‡§
39,48.75%,Satoru Nakajima ğŸ‡¯ğŸ‡µ
39,44.32%,Jonathan Palmer ğŸ‡¬ğŸ‡§
39,70.91%,Jean-Pierre Jabouille ğŸ‡«ğŸ‡·
39,15.12%,Felipe Massa ğŸ‡§ğŸ‡·
39,31.97%,Damon Hill ğŸ‡¬ğŸ‡§
39,37.86%,Bruce McLaren ğŸ‡³ğŸ‡¿
39,30.47%,Adrian Sutil ğŸ‡©ğŸ‡ª
40,49.38%,Stefano Modena ğŸ‡®ğŸ‡¹
40,45.45%,Aguri Suzuki ğŸ‡¯ğŸ‡µ
41,43.16%,Patrick Depailler ğŸ‡«ğŸ‡·
41,47.13%,Maurice Trintignant ğŸ‡«ğŸ‡·
41,50.00%,Bruno Giacomelli ğŸ‡®ğŸ‡¹
41,48.81%,Arturo Merzario ğŸ‡®ğŸ‡¹
42,36.84%,Jochen Mass ğŸ‡©ğŸ‡ª
42,48.28%,Dan Gurney ğŸ‡ºğŸ‡¸
44,55.00%,MaurÃ­cio Gugelmin ğŸ‡§ğŸ‡·
44,44.00%,Jo Siffert ğŸ‡¨ğŸ‡­
45,64.29%,Teo Fabi ğŸ‡®ğŸ‡¹
46,41.44%,Mika Salo ğŸ‡«ğŸ‡®
46,25.00%,Nick Heidfeld ğŸ‡©ğŸ‡ª
46,49.46%,James Hunt ğŸ‡¬ğŸ‡§
46,59.74%,Alessandro Nannini ğŸ‡®ğŸ‡¹
48,59.26%,Hans-Joachim Stuck ğŸ‡©ğŸ‡ª
48,34.78%,Clay Regazzoni ğŸ‡¨ğŸ‡­
48,45.28%,Chris Amon ğŸ‡³ğŸ‡¿
49,40.50%,Jacky Ickx ğŸ‡§ğŸ‡ª
49,17.56%,Fernando Alonso ğŸ‡ªğŸ‡¸
49,44.55%,Elio de Angelis ğŸ‡®ğŸ‡¹
49,33.56%,Carlos Reutemann ğŸ‡¦ğŸ‡·
49,41.88%,Alan Jones ğŸ‡¦ğŸ‡º
50,46.73%,Pedro de la Rosa ğŸ‡ªğŸ‡¸
51,34.23%,Emerson Fittipaldi ğŸ‡§ğŸ‡·
52,42.28%,Ronnie Peterson ğŸ‡¸ğŸ‡ª
53,32.72%,Ayrton Senna ğŸ‡§ğŸ‡·
55,42.97%,Keke Rosberg ğŸ‡«ğŸ‡®
55,50.46%,Jo Bonnier ğŸ‡¸ğŸ‡ª
55,42.64%,Jack Brabham ğŸ‡¦ğŸ‡º
56,50.45%,Piercarlo Ghinzani ğŸ‡®ğŸ‡¹
56,21.62%,Kimi RÃ¤ikkÃ¶nen ğŸ‡«ğŸ‡®
57,26.27%,Mark Webber ğŸ‡¦ğŸ‡º
57,34.55%,Jacques Villeneuve ğŸ‡¨ğŸ‡¦
58,32.22%,Ralf Schumacher ğŸ‡©ğŸ‡ª
58,54.21%,Jos Verstappen ğŸ‡³ğŸ‡±
58,51.79%,John Surtees ğŸ‡¬ğŸ‡§
58,28.71%,Alain Prost ğŸ‡«ğŸ‡·
59,59.60%,Pedro Diniz ğŸ‡§ğŸ‡·
59,37.34%,Olivier Panis ğŸ‡«ğŸ‡·
60,49.18%,Patrick Tambay ğŸ‡«ğŸ‡·
60,36.36%,Mika HÃ¤kkinen ğŸ‡«ğŸ‡®
61,38.36%,Heinz-Harald Frentzen ğŸ‡©ğŸ‡ª
62,63.92%,Ukyo Katayama ğŸ‡¯ğŸ‡µ
62,40.26%,John Watson ğŸ‡¬ğŸ‡§
62,42.18%,Eddie Irvine ğŸ‡¬ğŸ‡§
64,52.03%,Pierluigi Martini ğŸ‡®ğŸ‡¹
65,56.52%,Philippe Alliot ğŸ‡«ğŸ‡·
66,40.24%,Thierry Boutsen ğŸ‡§ğŸ‡ª
66,51.16%,Mario Andretti ğŸ‡ºğŸ‡¸
66,67.35%,Ivan Capelli ğŸ‡®ğŸ‡¹
67,40.85%,RenÃ© Arnoux ğŸ‡«ğŸ‡·
67,21.75%,Michael Schumacher ğŸ‡©ğŸ‡ª
67,21.68%,Jenson Button ğŸ‡¬ğŸ‡§
68,29.44%,Giancarlo Fisichella ğŸ‡®ğŸ‡¹
72,43.64%,Johnny Herbert ğŸ‡¬ğŸ‡§
74,41.34%,Graham Hill ğŸ‡¬ğŸ‡§
75,45.45%,Martin Brundle ğŸ‡¬ğŸ‡§
75,52.45%,Jean-Pierre Jarier ğŸ‡«ğŸ‡·
77,53.85%,Eddie Cheever ğŸ‡ºğŸ‡¸
78,31.58%,David Coulthard ğŸ‡¬ğŸ‡§
81,46.55%,Niki Lauda ğŸ‡¦ğŸ‡¹
81,50.00%,Derek Warwick ğŸ‡¬ğŸ‡§
82,39.61%,Nelson Piquet ğŸ‡§ğŸ‡·
83,41.09%,Jean Alesi ğŸ‡«ğŸ‡·
83,46.11%,Jacques Laffite ğŸ‡«ğŸ‡·
86,33.59%,Jarno Trulli ğŸ‡®ğŸ‡¹
86,40.95%,Gerhard Berger ğŸ‡¦ğŸ‡¹
90,46.88%,Nigel Mansell ğŸ‡¬ğŸ‡§
92,42.79%,Michele Alboreto ğŸ‡®ğŸ‡¹
96,29.45%,Rubens Barrichello ğŸ‡§ğŸ‡·