100,Jackie Stewart ğŸ‡¬ğŸ‡§
100,Jo Siffert ğŸ‡¨ğŸ‡­
103,Stefan Johansson ğŸ‡¸ğŸ‡ª
103,Bruce McLaren ğŸ‡³ğŸ‡¿
106,Chris Amon ğŸ‡³ğŸ‡¿
107,Romain Grosjean ğŸ‡«ğŸ‡·
107,Pedro de la Rosa ğŸ‡ªğŸ‡¸
107,Jos Verstappen ğŸ‡³ğŸ‡±
109,Jo Bonnier ğŸ‡¸ğŸ‡ª
110,Elio de Angelis ğŸ‡®ğŸ‡¹
111,Piercarlo Ghinzani ğŸ‡®ğŸ‡¹
111,Mika Salo ğŸ‡«ğŸ‡®
112,Denny Hulme ğŸ‡³ğŸ‡¿
112,John Surtees ğŸ‡¬ğŸ‡§
112,Heikki Kovalainen ğŸ‡«ğŸ‡®
112,Daniel Ricciardo ğŸ‡¦ğŸ‡º
113,Jody Scheckter ğŸ‡¿ğŸ‡¦
114,Jochen Mass ğŸ‡©ğŸ‡ª
115,Philippe Alliot ğŸ‡«ğŸ‡·
117,Alan Jones ğŸ‡¦ğŸ‡º
118,Sergio PÃ©rez ğŸ‡²ğŸ‡½
120,Nico HÃ¼lkenberg ğŸ‡©ğŸ‡ª
121,Jacky Ickx ğŸ‡§ğŸ‡ª
122,Patrick Tambay ğŸ‡«ğŸ‡·
122,Damon Hill ğŸ‡¬ğŸ‡§
123,Ronnie Peterson ğŸ‡¸ğŸ‡ª
123,Pierluigi Martini ğŸ‡®ğŸ‡¹
128,Keke Rosberg ğŸ‡«ğŸ‡®
128,Adrian Sutil ğŸ‡©ğŸ‡ª
129,Mario Andretti ğŸ‡ºğŸ‡¸
129,Jack Brabham ğŸ‡¦ğŸ‡º
138,Clay Regazzoni ğŸ‡¨ğŸ‡­
143,Jean-Pierre Jarier ğŸ‡«ğŸ‡·
143,Eddie Cheever ğŸ‡ºğŸ‡¸
146,Carlos Reutemann ğŸ‡¦ğŸ‡·
147,Eddie Irvine ğŸ‡¬ğŸ‡§
149,Emerson Fittipaldi ğŸ‡§ğŸ‡·
154,John Watson ğŸ‡¬ğŸ‡§
158,Olivier Panis ğŸ‡«ğŸ‡·
159,Heinz-Harald Frentzen ğŸ‡©ğŸ‡ª
162,Derek Warwick ğŸ‡¬ğŸ‡§
162,Ayrton Senna ğŸ‡§ğŸ‡·
164,Thierry Boutsen ğŸ‡§ğŸ‡ª
164,RenÃ© Arnoux ğŸ‡«ğŸ‡·
165,Mika HÃ¤kkinen ğŸ‡«ğŸ‡®
165,Martin Brundle ğŸ‡¬ğŸ‡§
165,Johnny Herbert ğŸ‡¬ğŸ‡§
165,Jacques Villeneuve ğŸ‡¨ğŸ‡¦
174,Niki Lauda ğŸ‡¦ğŸ‡¹
179,Graham Hill ğŸ‡¬ğŸ‡§
180,Ralf Schumacher ğŸ‡©ğŸ‡ª
180,Jacques Laffite ğŸ‡«ğŸ‡·
182,Sebastian Vettel ğŸ‡©ğŸ‡ª
184,Nick Heidfeld ğŸ‡©ğŸ‡ª
191,Lewis Hamilton ğŸ‡¬ğŸ‡§
192,Nigel Mansell ğŸ‡¬ğŸ‡§
202,Jean Alesi ğŸ‡«ğŸ‡·
202,Alain Prost ğŸ‡«ğŸ‡·
206,Nico Rosberg ğŸ‡©ğŸ‡ª
207,Nelson Piquet ğŸ‡§ğŸ‡·
210,Gerhard Berger ğŸ‡¦ğŸ‡¹
214,Andrea de Cesaris ğŸ‡®ğŸ‡¹
215,Michele Alboreto ğŸ‡®ğŸ‡¹
217,Mark Webber ğŸ‡¦ğŸ‡º
231,Giancarlo Fisichella ğŸ‡®ğŸ‡¹
247,David Coulthard ğŸ‡¬ğŸ‡§
255,Felipe Massa ğŸ‡§ğŸ‡·
256,Kimi RÃ¤ikkÃ¶nen ğŸ‡«ğŸ‡®
256,Jarno Trulli ğŸ‡®ğŸ‡¹
257,Riccardo Patrese ğŸ‡®ğŸ‡¹
277,Fernando Alonso ğŸ‡ªğŸ‡¸
308,Michael Schumacher ğŸ‡©ğŸ‡ª
308,Jenson Button ğŸ‡¬ğŸ‡§
326,Rubens Barrichello ğŸ‡§ğŸ‡·
62,Daniil Kvyat ğŸ‡·ğŸ‡º
63,Mark Blundell ğŸ‡¬ğŸ‡§
63,Ã‰rik Comas ğŸ‡«ğŸ‡·
64,Harry Schell ğŸ‡ºğŸ‡¸
64,Derek Daly ğŸ‡®ğŸ‡ª
68,Gilles Villeneuve ğŸ‡¨ğŸ‡¦
69,Alexander Wurz ğŸ‡¦ğŸ‡¹
70,Teo Fabi ğŸ‡®ğŸ‡¹
70,Jyrki JÃ¤rvilehto ğŸ‡«ğŸ‡®
70,Gianni Morbidelli ğŸ‡®ğŸ‡¹
72,Jim Clark ğŸ‡¬ğŸ‡§
72,Didier Pironi ğŸ‡«ğŸ‡·
73,Stirling Moss ğŸ‡¬ğŸ‡§
73,Carlos Pace ğŸ‡§ğŸ‡·
74,Roberto Moreno ğŸ‡§ğŸ‡·
75,Nicola Larini ğŸ‡®ğŸ‡¹
75,Alex Caffi ğŸ‡®ğŸ‡¹
76,Robert Kubica ğŸ‡µğŸ‡±
76,Kamui Kobayashi ğŸ‡¯ğŸ‡µ
77,Alessandro Nannini ğŸ‡®ğŸ‡¹
78,Vittorio Brambilla ğŸ‡®ğŸ‡¹
78,Gabriele Tarquini ğŸ‡®ğŸ‡¹
80,Satoru Nakajima ğŸ‡¯ğŸ‡µ
80,Vitantonio Liuzzi ğŸ‡®ğŸ‡¹
80,MaurÃ­cio Gugelmin ğŸ‡§ğŸ‡·
81,Valtteri Bottas ğŸ‡«ğŸ‡®
81,Stefano Modena ğŸ‡®ğŸ‡¹
81,Hans-Joachim Stuck ğŸ‡©ğŸ‡ª
82,Bruno Giacomelli ğŸ‡®ğŸ‡¹
84,Bertrand Gachot ğŸ‡§ğŸ‡ª
84,Arturo Merzario ğŸ‡®ğŸ‡¹
87,Maurice Trintignant ğŸ‡«ğŸ‡·
87,Jean-Pierre Beltoise ğŸ‡«ğŸ‡·
87,Dan Gurney ğŸ‡ºğŸ‡¸
88,Marc Surer ğŸ‡¨ğŸ‡­
88,Jonathan Palmer ğŸ‡¬ğŸ‡§
88,Aguri Suzuki ğŸ‡¯ğŸ‡µ
91,Takuma Sato ğŸ‡¯ğŸ‡µ
93,James Hunt ğŸ‡¬ğŸ‡§
95,Timo Glock ğŸ‡©ğŸ‡ª
95,Patrick Depailler ğŸ‡«ğŸ‡·
95,Juan Pablo Montoya ğŸ‡¨ğŸ‡´
96,Pastor Maldonado ğŸ‡»ğŸ‡ª
97,Ukyo Katayama ğŸ‡¯ğŸ‡µ
98,Ivan Capelli ğŸ‡®ğŸ‡¹
99,Pedro Diniz ğŸ‡§ğŸ‡·