abecassis,3
acheson,1
adamich,29
adams,1
adolff,8
agabashian,40
ahrens,2
alan_brown,13
albers,22
alboreto,78
alesi,78
alguersuari,30
alliot,35
allison,27
alonso,74
ambrosio,16
amick,11
amon,34
anderson,35
andersson,1
andre_pilette,16
andretti,13
andrews,16
angelis,44
apicella,1
armi,33
arnold,5
arnoux,69
arundell,10
ascari,30
ashdown,6
ashley,2
ashmore,18
attwood,18
ayulo,7
badoer,24
baghetti,49
bailey,5
baldi,21
ball,1
balsa,1
bandini,36
banks,2
barbazza,8
barber,14
barilla,8
barrichello,158
barth,3
bassi,3
bauer,5
baumgartner,14
bayol,2
beaufort,38
bechem,5
behra,59
bell,12
bellof,9
belmondo,7
belso,1
beltoise,43
beretta,10
berg,9
berger,108
bernard,23
bernoldi,17
bettenhausen,56
beuttler,61
bianchi,46
bianco,7
binder,11
biondetti,3
bira,47
bisch,2
bleekemolen,1
blundell,36
bob_scott,38
boesel,15
bondurant,12
bonetto,31
bonnier,160
bonomi,1
borgudd,3
botha,2
bottas,26
boullion,11
bourdais,20
boutsen,69
boyd,35
brabham,8
brack,8
brambilla,29
branca,6
brandon,12
bridger,6
bristow,6
brooks,37
brudes,5
brundle,81
bruni,6
bruno_senna,23
bryan,20
bucci,16
bucknum,6
bueb,8
buemi,18
bueno,2
burgess,36
burti,12
bussinello,3
button,173
cabantous,20
cabianca,5
cabral,4
caffi,10
campbell-jones,9
campos,17
cannoc,4
cantoni,6
capelli,39
carini,19
castellotti,15
cecotto,13
cesaris,83
cevert,51
chaboud,10
chamberlain,6
chandhok,8
chapman,1
charlton,16
cheesbourg,34
cheever,76
chiesa,3
chilton,27
chimeri,3
chiron,27
chitwood,5
christie,54
claes,74
clark,27
collins,56
collomb,17
comas,29
comotti,9
connor,29
corrado_fabi,5
coulthard,162
courage,30
craft,2
crawford,3
creus,4
crockett,22
crook,4
cross,66
cruz,1
daigh,9
dalmas,16
daly,27
damon_hill,56
danner,22
daponte,13
darter,22
davidson,11
davies,70
davis,3
daywalt,74
deletraz,3
dempsey_wilson,11
depailler,49
dick_rathmann,5
diniz,72
dinsmore,38
dolhem,1
donnelly,7
donohue,6
doornbos,8
driver,3
drogo,2
dumfries,15
duncan,2
duncan_hamilton,8
eaton,21
edmunds,17
edwards,5
elford,11
elisian,39
emerson_fittipaldi,36
enge,3
england,4
ericsson,30
ertl,7
estefano,2
etancelin,23
fabi,44
fagioli,15
fairman,27
fangio,27
farina,37
faulkner,22
filippis,14
firman,12
fischer,28
fisher,1
fisichella,95
fitch,5
fittipaldi,20
flaherty,54
flinterman,2
flockhart,31
foitek,3
follmer,13
fonder,35
fontana,4
forberg,15
force,18
forini,2
foyt,4
freeland,20
frentzen,58
frere,11
friesacher,6
fry,5
gachot,18
galli,13
galvez,2
ganley,36
garde,9
gardner,6
garrett,9
gartner,6
gavin,15
gaze,6
geki,2
gendebien,39
gene,16
george,6
george_amick,3
george_connor,9
georges_berger,3
gerard,6
gerini,23
gethin,38
ghinzani,26
giacomelli,43
gibson,11
gilles_villeneuve,27
ginther,50
giovinazzi,2
giunti,6
glock,41
godia,75
goethals,8
goldsmith,12
gonzalez,32
gould,80
gounon,7
graffenried,66
grassi,16
green,15
greene,2
gregory,65
griffith,19
grignard,4
grosjean,44
grouillard,15
guelfi,9
guerra,1
guerrero,3
gugelmin,41
gurney,36
gutierrez,42
guy_mairesse,13
hailwood,37
hakkinen,46
halford,48
hall,21
hamilton,72
hampshire,8
hanks,76
hans_stuck,1
hansgen,6
harrison,4
hart,1
hartley,50
haryanto,8
hawkins,3
hawthorn,55
hayje,6
heeks,1
heidfeld,90
helfrich,6
hellings,15
henry_taylor,36
henton,16
herbert,87
herman,34
herrmann,29
hesnault,20
heyer,1
hill,111
hirt,22
hobbs,13
hoffmann,3
holland,30
holmes,18
homeier,24
hoshino,2
hoyt,73
hulkenberg,49
hulme,68
hunt,6
hutchison,2
ian_scheckter,13
ian_stewart,3
ickx,68
ide,4
iglesias,2
inoue,15
ireland,46
irvine,87
irwin,15
jabouille,14
jack_brabham,92
jackson,15
james,10
jarier,51
jean,2
jerry_unser,11
jimmy_stewart,2
jo_schlesser,2
johansson,54
john_barber,2
john_james,2
johnson,56
johnstone,2
jolyon_palmer,13
jones,40
jover,1
jules_bianchi,7
karch,6
karthikeyan,32
katayama,56
keegan,15
keizan,5
keke_rosberg,29
keller,53
kelly,1
kessel,2
kevin_magnussen,23
kiesa,5
kinnunen,2
klenk,1
klerk,2
klien,32
kling,20
klodwig,3
kobayashi,35
kovalainen,55
kubica,30
kvyat,37
la_caze,7
laffite,70
lagorce,2
lammers,8
lamy,18
landi,27
lang,8
larini,17
larrauri,6
larreta,2
larson,7
lauda,111
laurent,8
lavaggi,8
leclere,5
lederle,3
lees,2
lehto,36
lennep,6
leoni,1
leslie_johnson,2
leston,1
levegh,26
lewis,23
lewis-evans,19
ligier,33
linden,60
liuzzi,43
lof,2
lombardi,20
loof,4
louveau,4
love,22
lovely,19
loyer,1
lucas,2
lunger,62
macdowel,1
mackay-fraser,1
macklin,17
magee,1
maggs,40
magill,24
maglioli,34
magnussen,23
mairesse,18
maldonado,57
manfred_winkelhock,5
mansell,98
mantovani,30
mantz,15
manzon,35
marimon,27
mario_andretti,65
marko,23
markus_winkelhock,1
marques,19
marr,6
marsh,18
martin,3
martini,26
mass,81
massa,161
matta,19
max_verstappen,22
may,7
mayer,2
mazet,3
mazzacane,18
mcalpine,12
mccoy,20
mcdowell,34
mcgrath,12
mclaren,97
mcnish,15
mcrae,1
mcwithey,16
menditeguy,38
merhi,9
merzario,26
michael_schumacher,79
mieres,57
migault,19
mike_taylor,11
miles,22
milhoux,1
miller,33
mitter,4
modena,14
montagny,6
monteiro,20
montermini,13
montoya,48
morbidelli,31
moreno,21
morgan,1
moser,22
moss,36
munaron,2
murray,12
musso,62
nakajima,28
nakano,21
nalon,30
nannini,26
naspetti,5
nasr,21
natili,1
naylor,11
nazaruk,18
neve,10
niday,39
niedermayr,1
nilsson,26
noda,2
nuckey,7
obrien,1
ocon,9
oliver,48
ongais,1
opel,8
oscar_gonzalez,8
pace,46
pagani,3
paletti,3
palm,2
palmer,24
panis,63
pantano,9
papis,3
parker,1
parkes,5
parnell,15
parsons,105
patrese,110
paul_russo,74
penske,7
perdisa,23
perez,62
perkins,4
pescarolo,61
pesenti_rossi,6
peter_walker,3
peters,6
peterson,69
petrov,37
phil_hill,48
pian,5
pic,24
picard,8
pieterse,6
pietsch,8
pilette,4
piotti,39
piper,8
piquet,65
piquet_jr,27
pirocchi,2
pironi,39
pirro,18
pizzonia,16
poele,3
pollet,5
pon,1
poore,3
portago,22
posey,4
pozzi,6
pretorius,3
prophet,3
prost,65
pryce,16
purley,8
raby,4
rahal,2
raikkonen,126
ralf_schumacher,95
ramos,13
rathmann,96
ratzenberger,2
ray_crawford,32
rebaque,58
redman,13
reece,20
rees,3
reg_parnell,14
regazzoni,89
resta,27
reutemann,62
revson,26
rhodes,2
ribeiro,9
ricardo_rodriguez,5
ricciardo,36
richardson,1
riess,2
rindt,19
riseley_prichard,2
riu,7
robarts,6
rodriguez,36
roig,16
rol,6
roos,1
rooyen,2
rosa,50
rosberg,79
rose,1
rosier,153
rosset,26
rossi,2
rothengatter,12
ruby,13
russo,33
ruttman,33
ryan,4
sachs,1
sainz,20
sala,18
salazar,10
salo,37
salvadori,72
sanesi,11
sato,54
satoru_nakajima,70
scarborough,32
scarfiotti,10
scarlatti,31
scheckter,46
schell,109
schenken,18
scherrer,2
schiattarella,6
schindler,12
schlesser,1
schneider,1
schoeller,5
schroeder,4
schuppan,4
seidel,32
senna,17
serafini,1
serra,10
serrurier,1
settember,1
sharp,16
shawe_taylor,6
shelby,10
shelly,5
siffert,118
simon,33
solana,16
sommer,12
sparken,2
speed,18
spence,29
stacey,12
stevens,7
stevenson,22
stewart,23
stohr,9
stommelen,60
streiff,26
stroll,3
stuck,52
sullivan,13
surer,34
surtees,39
sutil,50
sutton,17
suzuki,43
swaters,34
sweikert,43
takagi,10
takahara,2
takahashi,2
tambay,71
tarquini,2
taruffi,43
taylor,2
teague,58
templeman,13
terra,8
thackwell,2
thiele,1
thompson,2
thomson,32
thorne,4
tingelstad,1
tingle,1
titterington,1
tolan,45
tomaso,9
tornaco,6
toshio_suzuki,2
trevor_taylor,39
trintignant,140
trips,39
trulli,94
tuero,11
tunmer,3
turner,29
ulmen,3
unser,2
uria,22
vaccarella,8
vandoorne,3
veith,18
vergne,40
verstappen,53
vettel,58
vic_wilson,3
villeneuve,66
villoresi,73
villota,5
volonterio,27
vonlanthen,1
vukovich,27
wacker,7
walker,12
wallard,1
walt_brown,20
walter,3
ward,46
warwick,50
watson,70
webb,18
webber,93
wehrlein,6
weiler,2
wendlinger,20
weyant,32
wharton,29
whitehead,29
whitehouse,1
widdows,1
wietzes,5
williams,1
williamson,3
wilson,11
wilson_fittipaldi,30
wisell,17
wunderink,1
wurz,53
yamamoto,18
yoong,15
zanardi,29
zonta,33
zorzi,6
zunino,10