% of total participations,driver,races_finished
33.18%,Andrea de Cesaris ğŸ‡®ğŸ‡¹,71
34.02%,Ukyo Katayama ğŸ‡¯ğŸ‡µ,33
38.26%,Philippe Alliot ğŸ‡«ğŸ‡·,44
38.46%,Eddie Cheever ğŸ‡ºğŸ‡¸,55
39.39%,Pedro Diniz ğŸ‡§ğŸ‡·,39
41.36%,Derek Warwick ğŸ‡¬ğŸ‡§,67
42.72%,Stefan Johansson ğŸ‡¸ğŸ‡ª,44
43.75%,Satoru Nakajima ğŸ‡¯ğŸ‡µ,35
44.06%,Jean-Pierre Jarier ğŸ‡«ğŸ‡·,63
44.72%,Pierluigi Martini ğŸ‡®ğŸ‡¹,55
45.79%,Jos Verstappen ğŸ‡³ğŸ‡±,49
45.87%,Jo Bonnier ğŸ‡¸ğŸ‡ª,50
46.09%,Keke Rosberg ğŸ‡«ğŸ‡®,59
46.72%,Patrick Tambay ğŸ‡«ğŸ‡·,57
47.44%,Michele Alboreto ğŸ‡®ğŸ‡¹,102
47.44%,Vittorio Brambilla ğŸ‡®ğŸ‡¹,37
48.06%,Mario Andretti ğŸ‡ºğŸ‡¸,62
48.11%,Chris Amon ğŸ‡³ğŸ‡¿,51
48.21%,John Surtees ğŸ‡¬ğŸ‡§,54
48.57%,Gianni Morbidelli ğŸ‡®ğŸ‡¹,34
49.03%,Riccardo Patrese ğŸ‡®ğŸ‡¹,126
49.46%,James Hunt ğŸ‡¬ğŸ‡§,46
50.00%,RenÃ© Arnoux ğŸ‡«ğŸ‡·,82
50.30%,Martin Brundle ğŸ‡¬ğŸ‡§,83
50.57%,Dan Gurney ğŸ‡ºğŸ‡¸,44
50.57%,Maurice Trintignant ğŸ‡«ğŸ‡·,44
50.68%,Stirling Moss ğŸ‡¬ğŸ‡§,37
50.68%,Carlos Pace ğŸ‡§ğŸ‡·,37
50.79%,Ã‰rik Comas ğŸ‡«ğŸ‡·,32
51.04%,Nigel Mansell ğŸ‡¬ğŸ‡§,98
51.14%,Jonathan Palmer ğŸ‡¬ğŸ‡§,45
52.00%,Jo Siffert ğŸ‡¨ğŸ‡­,52
52.22%,Jacques Laffite ğŸ‡«ğŸ‡·,94
52.30%,Niki Lauda ğŸ‡¦ğŸ‡¹,91
52.34%,Pedro de la Rosa ğŸ‡ªğŸ‡¸,56
53.64%,Elio de Angelis ğŸ‡®ğŸ‡¹,59
54.55%,Johnny Herbert ğŸ‡¬ğŸ‡§,90
54.55%,Jacky Ickx ğŸ‡§ğŸ‡ª,66
55.74%,Rolf Stommelen ğŸ‡©ğŸ‡ª,34
56.14%,Jochen Mass ğŸ‡©ğŸ‡ª,64
56.32%,Jean-Pierre Beltoise ğŸ‡«ğŸ‡·,49
56.59%,Jack Brabham ğŸ‡¦ğŸ‡º,73
56.84%,Patrick Depailler ğŸ‡«ğŸ‡·,54
56.98%,Graham Hill ğŸ‡¬ğŸ‡§,102
57.35%,Gilles Villeneuve ğŸ‡¨ğŸ‡¦,39
57.66%,Mika Salo ğŸ‡«ğŸ‡®,64
57.72%,Ronnie Peterson ğŸ‡¸ğŸ‡ª,71
57.82%,Eddie Irvine ğŸ‡¬ğŸ‡§,85
57.95%,Marc Surer ğŸ‡¨ğŸ‡­,51
58.12%,Alan Jones ğŸ‡¦ğŸ‡º,68
58.44%,John Watson ğŸ‡¬ğŸ‡§,90
58.91%,Jean Alesi ğŸ‡«ğŸ‡·,119
58.94%,Nelson Piquet ğŸ‡§ğŸ‡·,122
59.05%,Gerhard Berger ğŸ‡¦ğŸ‡¹,124
59.15%,Thierry Boutsen ğŸ‡§ğŸ‡ª,97
60.14%,Clay Regazzoni ğŸ‡¨ğŸ‡­,83
60.38%,Heinz-Harald Frentzen ğŸ‡©ğŸ‡ª,96
61.11%,Didier Pironi ğŸ‡«ğŸ‡·,44
61.17%,Bruce McLaren ğŸ‡³ğŸ‡¿,63
62.42%,Mika HÃ¤kkinen ğŸ‡«ğŸ‡®,103
62.66%,Olivier Panis ğŸ‡«ğŸ‡·,99
63.00%,Jackie Stewart ğŸ‡¬ğŸ‡§,63
63.09%,Emerson Fittipaldi ğŸ‡§ğŸ‡·,94
63.11%,Damon Hill ğŸ‡¬ğŸ‡§,77
63.46%,Phil Hill ğŸ‡ºğŸ‡¸,33
64.84%,Takuma Sato ğŸ‡¯ğŸ‡µ,59
65.26%,Juan Pablo Montoya ğŸ‡¨ğŸ‡´,62
65.45%,Jacques Villeneuve ğŸ‡¨ğŸ‡¦,108
66.41%,Jarno Trulli ğŸ‡®ğŸ‡¹,170
66.44%,Carlos Reutemann ğŸ‡¦ğŸ‡·,97
66.67%,Ayrton Senna ğŸ‡§ğŸ‡·,108
67.78%,Ralf Schumacher ğŸ‡©ğŸ‡ª,122
68.12%,Alexander Wurz ğŸ‡¦ğŸ‡¹,47
68.14%,Jody Scheckter ğŸ‡¿ğŸ‡¦,77
68.42%,David Coulthard ğŸ‡¬ğŸ‡§,169
68.63%,Christian Klien ğŸ‡¦ğŸ‡¹,35
68.75%,Vitantonio Liuzzi ğŸ‡®ğŸ‡¹,55
68.75%,Mike Hawthorn ğŸ‡¬ğŸ‡§,33
69.44%,Jim Clark ğŸ‡¬ğŸ‡§,50
69.53%,Adrian Sutil ğŸ‡©ğŸ‡ª,89
69.64%,Denny Hulme ğŸ‡³ğŸ‡¿,78
69.74%,Kamui Kobayashi ğŸ‡¯ğŸ‡µ,53
69.79%,Pastor Maldonado ğŸ‡»ğŸ‡ª,67
70.13%,Giancarlo Fisichella ğŸ‡®ğŸ‡¹,162
70.21%,Narain Karthikeyan ğŸ‡®ğŸ‡³,33
70.25%,Rubens Barrichello ğŸ‡§ğŸ‡·,229
70.79%,Alain Prost ğŸ‡«ğŸ‡·,143
71.56%,Romain Grosjean ğŸ‡«ğŸ‡·,78
72.22%,Richie Ginther ğŸ‡ºğŸ‡¸,39
72.73%,SÃ©bastien Buemi ğŸ‡¨ğŸ‡­,40
73.33%,Carlos Sainz ğŸ‡ªğŸ‡¸,33
73.73%,Mark Webber ğŸ‡¦ğŸ‡º,160
75.00%,Nick Heidfeld ğŸ‡©ğŸ‡ª,138
75.41%,Marcus Ericsson ğŸ‡¸ğŸ‡ª,46
75.86%,Juan Fangio ğŸ‡¦ğŸ‡·,44
76.09%,Bruno Senna ğŸ‡§ğŸ‡·,35
76.56%,Daniil Kvyat ğŸ‡·ğŸ‡º,49
77.59%,Jean-Ã‰ric Vergne ğŸ‡«ğŸ‡·,45
77.89%,Timo Glock ğŸ‡©ğŸ‡ª,74
77.97%,Esteban GutiÃ©rrez ğŸ‡²ğŸ‡½,46
78.25%,Michael Schumacher ğŸ‡©ğŸ‡ª,241
78.26%,Jaime Alguersuari ğŸ‡ªğŸ‡¸,36
78.29%,Kimi RÃ¤ikkÃ¶nen ğŸ‡«ğŸ‡®,202
78.57%,Jenson Button ğŸ‡¬ğŸ‡§,242
80.00%,Max Verstappen ğŸ‡³ğŸ‡±,36
81.03%,Vitaly Petrov ğŸ‡·ğŸ‡º,47
81.25%,Heikki Kovalainen ğŸ‡«ğŸ‡®,91
82.44%,Fernando Alonso ğŸ‡ªğŸ‡¸,230
82.50%,Felipe Nasr ğŸ‡§ğŸ‡·,33
82.61%,Kevin Magnussen ğŸ‡©ğŸ‡°,38
83.61%,Nico HÃ¼lkenberg ğŸ‡©ğŸ‡ª,102
84.21%,Robert Kubica ğŸ‡µğŸ‡±,64
84.44%,Felipe Massa ğŸ‡§ğŸ‡·,217
85.87%,Sebastian Vettel ğŸ‡©ğŸ‡ª,158
85.92%,Nico Rosberg ğŸ‡©ğŸ‡ª,177
87.50%,Sergio PÃ©rez ğŸ‡²ğŸ‡½,105
87.72%,Daniel Ricciardo ğŸ‡¦ğŸ‡º,100
88.08%,Lewis Hamilton ğŸ‡¬ğŸ‡§,170
89.66%,Paul di Resta ğŸ‡¬ğŸ‡§,52
90.36%,Valtteri Bottas ğŸ‡«ğŸ‡®,75