abate,1
adolff,2
agabashian,5
alboreto,4
alesi,4
allison,2
alonso,10
amon,4
anderson,1
andre_pilette,2
angelis,8
armi,1
arnoux,19
arundell,3
ascari,5
ashdown,1
ashley,1
ashmore,2
ayulo,1
baghetti,6
bandini,6
barrichello,47
beaufort,1
behra,7
beltoise,3
berger,23
bettenhausen,4
bianchi,5
bill_moss,1
bira,1
bob_scott,2
bonetto,3
bonnier,6
bottas,4
bourdais,1
boutsen,1
boyd,1
brambilla,1
bristow,1
brooks,9
bruno_senna,1
bryan,1
bueb,1
button,10
carini,3
castellotti,8
cesaris,1
cevert,11
chamberlain,2
changy,1
cheesbourg,1
cheever,3
chitwood,1
christie,1
claes,1
clark,8
collins,11
collomb,2
comotti,1
connor,1
corrado_fabi,2
coulthard,37
courage,3
crockett,1
cross,3
daigh,1
daly,1
damon_hill,26
darter,3
davies,3
daywalt,3
depailler,6
dinsmore,2
dumfries,8
edmunds,1
elisian,2
emerson_fittipaldi,11
fabi,6
fagioli,8
fairman,2
fangio,12
farina,26
faulkner,1
fischer,6
fisichella,12
flaherty,2
fonder,1
forberg,1
force,1
freeland,1
frentzen,10
frere,1
ganley,1
gavin,2
geki,1
gendebien,9
george,1
george_connor,1
gethin,1
giacomelli,2
gilles_villeneuve,4
ginther,11
giunti,2
glock,1
godia,4
gonzalez,6
gould,6
graffenried,5
green,2
greene,2
gregory,8
griffith,2
gubby,1
gurney,2
hailwood,2
hakkinen,8
halford,4
hall,2
hamilton,34
hanks,6
hans_stuck,1
hansgen,3
hartley,3
hawkins,1
hawthorn,9
heidfeld,1
hellings,1
henry_taylor,4
herbert,6
herman,1
herrmann,6
hill,17
hirt,3
hobbs,1
hocking,1
holland,1
holmes,1
homeier,1
hoyt,4
hulme,8
ickx,8
ireland,11
irvine,14
jabouille,6
jack_brabham,15
jackson,2
james,1
jarier,2
johnson,2
jones,2
keegan,1
keke_rosberg,2
keller,1
kling,7
kovalainen,11
laffite,3
landi,2
lang,3
larson,1
lauda,8
laurent,1
lederle,3
lehto,3
lewis,1
lewis-evans,6
linden,5
lombardi,1
lovely,3
lucienbonnet,1
lunger,3
maggs,1
magill,1
maglioli,7
mairesse,2
manfred_winkelhock,1
mansell,16
mantovani,1
mantz,1
manzon,1
marimon,4
mario_andretti,10
marko,1
marsh,1
mass,15
massa,13
max_verstappen,1
may,1
mcalpine,1
mccoy,1
mcdowell,2
mcgrath,4
mclaren,10
menditeguy,4
merzario,2
michael_schumacher,15
mieres,1
mike_taylor,1
miles,5
miller,2
mitter,1
monarch,1
montoya,9
moser,2
moss,10
musso,8
nalon,2
nazaruk,2
niday,1
nilsson,8
oliver,5
pace,1
parkes,1
parnell,2
parsons,7
patrese,19
paul_russo,4
penske,2
perdisa,1
peterson,10
phil_hill,5
pieterse,3
piotti,3
piquet,11
piquet_jr,1
pironi,2
poore,1
portago,4
prinoth,1
prost,41
pryce,2
puzey,1
raikkonen,16
ralf_schumacher,11
rathmann,5
rebaque,17
reece,3
reg_parnell,1
regazzoni,32
reutemann,6
reventlow,1
revson,2
ricardo_rodriguez,1
rindt,1
rodriguez,1
rosa,3
rosberg,35
rosier,12
russo,1
ruttman,2
salvadori,4
sanesi,5
sato,2
satoru_nakajima,1
scarborough,2
scarfiotti,2
scarlatti,7
scheckter,3
schell,10
schindler,1
schoeller,1
schroeder,1
senna,9
sharp,1
shelly,1
siffert,14
simon,4
solana,5
spence,9
stacey,2
stevenson,2
stewart,4
stohr,1
stommelen,1
stuck,2
surer,1
surtees,3
sutil,1
sutton,1
swaters,3
sweikert,2
tambay,6
taruffi,11
teague,4
thomson,1
tingle,1
tolan,1
tornaco,3
trevor_taylor,14
trintignant,20
trips,10
trulli,4
turner,1
vaccarella,3
verstappen,2
vettel,13
villeneuve,10
villoresi,14
villota,2
vukovich,2
vyver,1
walker,3
wallard,1
walt_brown,2
walter,1
ward,2
warwick,1
watson,2
webb,1
webber,45
whitehead,3
wietzes,1
wurz,2
zonta,1
zunino,1