Alain Prost ğŸ‡«ğŸ‡·,2
Ayrton Senna ğŸ‡§ğŸ‡·,7
Damon Hill ğŸ‡¬ğŸ‡§,5
Daniel Ricciardo ğŸ‡¦ğŸ‡º,3
Daniil Kvyat ğŸ‡·ğŸ‡º,1
David Coulthard ğŸ‡¬ğŸ‡§,5
Eddie Irvine ğŸ‡¬ğŸ‡§,1
Fernando Alonso ğŸ‡ªğŸ‡¸,5
Gerhard Berger ğŸ‡¦ğŸ‡¹,3
Heikki Kovalainen ğŸ‡«ğŸ‡®,1
Jacques Villeneuve ğŸ‡¨ğŸ‡¦,3
Jean Alesi ğŸ‡«ğŸ‡·,1
Jenson Button ğŸ‡¬ğŸ‡§,2
Johnny Herbert ğŸ‡¬ğŸ‡§,1
Jos Verstappen ğŸ‡³ğŸ‡±,1
Juan Pablo Montoya ğŸ‡¨ğŸ‡´,1
Kimi RÃ¤ikkÃ¶nen ğŸ‡«ğŸ‡®,7
Lewis Hamilton ğŸ‡¬ğŸ‡§,6
Mark Webber ğŸ‡¦ğŸ‡º,2
Michael Schumacher ğŸ‡©ğŸ‡ª,7
Mika HÃ¤kkinen ğŸ‡«ğŸ‡®,2
Nelson Piquet ğŸ‡§ğŸ‡·,3
Nick Heidfeld ğŸ‡©ğŸ‡ª,2
Nico Rosberg ğŸ‡©ğŸ‡ª,1
Nigel Mansell ğŸ‡¬ğŸ‡§,4
Pedro de la Rosa ğŸ‡ªğŸ‡¸,1
Ralf Schumacher ğŸ‡©ğŸ‡ª,2
Riccardo Patrese ğŸ‡®ğŸ‡¹,2
Romain Grosjean ğŸ‡«ğŸ‡·,1
Rubens Barrichello ğŸ‡§ğŸ‡·,3
Sebastian Vettel ğŸ‡©ğŸ‡ª,4
Thierry Boutsen ğŸ‡§ğŸ‡ª,3
Timo Glock ğŸ‡©ğŸ‡ª,1