1,Damon Hill ğŸ‡¬ğŸ‡§
1,Wolfgang von Trips ğŸ‡©ğŸ‡ª
1,Teo Fabi ğŸ‡®ğŸ‡¹
1,Stuart Lewis-Evans ğŸ‡¬ğŸ‡§
1,Rubens Barrichello ğŸ‡§ğŸ‡·
1,Ronnie Peterson ğŸ‡¸ğŸ‡ª
1,Riccardo Patrese ğŸ‡®ğŸ‡¹
1,RenÃ© Arnoux ğŸ‡«ğŸ‡·
1,Kimi RÃ¤ikkÃ¶nen ğŸ‡«ğŸ‡®
1,James Hunt ğŸ‡¬ğŸ‡§
1,Phil Hill ğŸ‡ºğŸ‡¸
1,Mika HÃ¤kkinen ğŸ‡«ğŸ‡®
1,Jochen Rindt ğŸ‡¦ğŸ‡¹
1,Jean-Pierre Jabouille ğŸ‡«ğŸ‡·
1,Mike Parkes ğŸ‡¬ğŸ‡§
1,Alain Prost ğŸ‡«ğŸ‡·
1,Chris Amon ğŸ‡³ğŸ‡¿
1,Nigel Mansell ğŸ‡¬ğŸ‡§
1,David Coulthard ğŸ‡¬ğŸ‡§
1,Eugenio Castellotti ğŸ‡®ğŸ‡¹
1,Jacques Laffite ğŸ‡«ğŸ‡·
2,Nelson Piquet ğŸ‡§ğŸ‡·
2,Mario Andretti ğŸ‡ºğŸ‡¸
2,Fernando Alonso ğŸ‡ªğŸ‡¸
2,Niki Lauda ğŸ‡¦ğŸ‡¹
2,Jean Alesi ğŸ‡«ğŸ‡·
2,Jacky Ickx ğŸ‡§ğŸ‡ª
2,Alberto Ascari ğŸ‡®ğŸ‡¹
3,John Surtees ğŸ‡¬ğŸ‡§
3,Stirling Moss ğŸ‡¬ğŸ‡§
3,Sebastian Vettel ğŸ‡©ğŸ‡ª
3,Michael Schumacher ğŸ‡©ğŸ‡ª
3,Juan Pablo Montoya ğŸ‡¨ğŸ‡´
3,Jim Clark ğŸ‡¬ğŸ‡§
5,Juan Fangio ğŸ‡¦ğŸ‡·
5,Lewis Hamilton ğŸ‡¬ğŸ‡§
5,Ayrton Senna ğŸ‡§ğŸ‡·