1,Tony Brooks ğŸ‡¬ğŸ‡§
1,RenÃ© Arnoux ğŸ‡«ğŸ‡·
1,Peter Gethin ğŸ‡¬ğŸ‡§
1,Nino Farina ğŸ‡®ğŸ‡¹
1,Nigel Mansell ğŸ‡¬ğŸ‡§
1,Nico Rosberg ğŸ‡©ğŸ‡ª
1,Mario Andretti ğŸ‡ºğŸ‡¸
1,Ludovico Scarfiotti ğŸ‡®ğŸ‡¹
1,Johnny Herbert ğŸ‡¬ğŸ‡§
1,Jody Scheckter ğŸ‡¿ğŸ‡¦
1,Jim Clark ğŸ‡¬ğŸ‡§
1,Heinz-Harald Frentzen ğŸ‡©ğŸ‡ª
1,Graham Hill ğŸ‡¬ğŸ‡§
1,Gerhard Berger ğŸ‡¦ğŸ‡¹
1,Emerson Fittipaldi ğŸ‡§ğŸ‡·
1,Denny Hulme ğŸ‡³ğŸ‡¿
1,David Coulthard ğŸ‡¬ğŸ‡§
2,Niki Lauda ğŸ‡¦ğŸ‡¹
2,Phil Hill ğŸ‡ºğŸ‡¸
2,Juan Pablo Montoya ğŸ‡¨ğŸ‡´
2,John Surtees ğŸ‡¬ğŸ‡§
2,Jackie Stewart ğŸ‡¬ğŸ‡§
2,Fernando Alonso ğŸ‡ªğŸ‡¸
2,Damon Hill ğŸ‡¬ğŸ‡§
2,Clay Regazzoni ğŸ‡¨ğŸ‡­
2,Ayrton Senna ğŸ‡§ğŸ‡·
2,Alberto Ascari ğŸ‡®ğŸ‡¹
3,Stirling Moss ğŸ‡¬ğŸ‡§
3,Sebastian Vettel ğŸ‡©ğŸ‡ª
3,Rubens Barrichello ğŸ‡§ğŸ‡·
3,Ronnie Peterson ğŸ‡¸ğŸ‡ª
3,Nelson Piquet ğŸ‡§ğŸ‡·
3,Lewis Hamilton ğŸ‡¬ğŸ‡§
3,Juan Fangio ğŸ‡¦ğŸ‡·
3,Alain Prost ğŸ‡«ğŸ‡·
5,Michael Schumacher ğŸ‡©ğŸ‡ª