Damon Hill ğŸ‡¬ğŸ‡§,38
Daniel Ricciardo ğŸ‡¦ğŸ‡º,24
David Coulthard ğŸ‡¬ğŸ‡§,101
Felipe Massa ğŸ‡§ğŸ‡·,23
Fernando Alonso ğŸ‡ªğŸ‡¸,153
Jarno Trulli ğŸ‡®ğŸ‡¹,74
Jean Alesi ğŸ‡«ğŸ‡·,21
Jenson Button ğŸ‡¬ğŸ‡§,93
Juan Pablo Montoya ğŸ‡¨ğŸ‡´,40
Kimi RÃ¤ikkÃ¶nen ğŸ‡«ğŸ‡®,85
Lewis Hamilton ğŸ‡¬ğŸ‡§,167
Mark Webber ğŸ‡¦ğŸ‡º,140
Michael Schumacher ğŸ‡©ğŸ‡ª,282
Mika HÃ¤kkinen ğŸ‡«ğŸ‡®,78
Nico Rosberg ğŸ‡©ğŸ‡ª,170
Olivier Panis ğŸ‡«ğŸ‡·,16
Ralf Schumacher ğŸ‡©ğŸ‡ª,20
Robert Kubica ğŸ‡µğŸ‡±,10
Rubens Barrichello ğŸ‡§ğŸ‡·,5
Sebastian Vettel ğŸ‡©ğŸ‡ª,76