Alain Prost ğŸ‡«ğŸ‡·,6
Alan Jones ğŸ‡¦ğŸ‡º,1
Alberto Ascari ğŸ‡®ğŸ‡¹,1
Andrea de Cesaris ğŸ‡®ğŸ‡¹,1
Ayrton Senna ğŸ‡§ğŸ‡·,8
Bruce McLaren ğŸ‡³ğŸ‡¿,3
Carlos Pace ğŸ‡§ğŸ‡·,1
Carlos Reutemann ğŸ‡¦ğŸ‡·,3
Cesare Perdisa ğŸ‡®ğŸ‡¹,1
Chris Amon ğŸ‡³ğŸ‡¿,1
Clay Regazzoni ğŸ‡¨ğŸ‡­,1
Damon Hill ğŸ‡¬ğŸ‡§,2
Daniel Ricciardo ğŸ‡¦ğŸ‡º,3
David Coulthard ğŸ‡¬ğŸ‡§,4
Denny Hulme ğŸ‡³ğŸ‡¿,1
Didier Pironi ğŸ‡«ğŸ‡·,1
Eddie Irvine ğŸ‡¬ğŸ‡§,4
Elio de Angelis ğŸ‡®ğŸ‡¹,1
Emerson Fittipaldi ğŸ‡§ğŸ‡·,3
Eugenio Castellotti ğŸ‡®ğŸ‡¹,1
Felipe Massa ğŸ‡§ğŸ‡·,2
Fernando Alonso ğŸ‡ªğŸ‡¸,4
Gerhard Berger ğŸ‡¦ğŸ‡¹,4
Giancarlo Fisichella ğŸ‡®ğŸ‡¹,2
Gilles Villeneuve ğŸ‡¨ğŸ‡¦,1
Graham Hill ğŸ‡¬ğŸ‡§,7
Henri Pescarolo ğŸ‡«ğŸ‡·,1
Jack Brabham ğŸ‡¦ğŸ‡º,2
Jackie Stewart ğŸ‡¬ğŸ‡§,4
Jacky Ickx ğŸ‡§ğŸ‡ª,2
Jacques Laffite ğŸ‡«ğŸ‡·,2
Jarno Trulli ğŸ‡®ğŸ‡¹,1
Jean Alesi ğŸ‡«ğŸ‡·,3
Jean Behra ğŸ‡«ğŸ‡·,2
Jean-Pierre Beltoise ğŸ‡«ğŸ‡·,1
Jean-Pierre Jarier ğŸ‡«ğŸ‡·,1
Jenson Button ğŸ‡¬ğŸ‡§,3
Jo Siffert ğŸ‡¨ğŸ‡­,1
Jochen Rindt ğŸ‡¦ğŸ‡¹,1
Jody Scheckter ğŸ‡¿ğŸ‡¦,5
Johnny Herbert ğŸ‡¬ğŸ‡§,1
Juan Fangio ğŸ‡¦ğŸ‡·,3
Juan Pablo Montoya ğŸ‡¨ğŸ‡´,2
Keke Rosberg ğŸ‡«ğŸ‡®,2
Kimi RÃ¤ikkÃ¶nen ğŸ‡«ğŸ‡®,4
Lewis Hamilton ğŸ‡¬ğŸ‡§,5
Lorenzo Bandini ğŸ‡®ğŸ‡¹,3
Louis Chiron ğŸ‡²ğŸ‡¨,1
Lucien Bianchi ğŸ‡§ğŸ‡ª,1
Luigi Musso ğŸ‡®ğŸ‡¹,1
Mark Webber ğŸ‡¦ğŸ‡º,4
Martin Brundle ğŸ‡¬ğŸ‡§,1
Masten Gregory ğŸ‡ºğŸ‡¸,1
Maurice Trintignant ğŸ‡«ğŸ‡·,3
Michael Schumacher ğŸ‡©ğŸ‡ª,7
Michele Alboreto ğŸ‡®ğŸ‡¹,3
Mika HÃ¤kkinen ğŸ‡«ğŸ‡®,2
Nelson Piquet ğŸ‡§ğŸ‡·,3
Nick Heidfeld ğŸ‡©ğŸ‡ª,1
Nico Rosberg ğŸ‡©ğŸ‡ª,4
Nigel Mansell ğŸ‡¬ğŸ‡§,2
Niki Lauda ğŸ‡¦ğŸ‡¹,4
Olivier Panis ğŸ‡«ğŸ‡·,1
Patrick Depailler ğŸ‡«ğŸ‡·,2
Peter Arundell ğŸ‡¬ğŸ‡§,1
Peter Collins ğŸ‡¬ğŸ‡§,2
Phil Hill ğŸ‡ºğŸ‡¸,3
Piers Courage ğŸ‡¬ğŸ‡§,1
Ralf Schumacher ğŸ‡©ğŸ‡ª,1
RenÃ© Arnoux ğŸ‡«ğŸ‡·,1
Riccardo Patrese ğŸ‡®ğŸ‡¹,2
Richard Attwood ğŸ‡¬ğŸ‡§,1
Richie Ginther ğŸ‡ºğŸ‡¸,3
Robert Kubica ğŸ‡µğŸ‡±,2
Ronnie Peterson ğŸ‡¸ğŸ‡ª,3
Rubens Barrichello ğŸ‡§ğŸ‡·,5
Sebastian Vettel ğŸ‡©ğŸ‡ª,5
Sergio PÃ©rez ğŸ‡²ğŸ‡½,1
Stefano Modena ğŸ‡®ğŸ‡¹,1
Stirling Moss ğŸ‡¬ğŸ‡§,3
Tony Brooks ğŸ‡¬ğŸ‡§,2